date,PM2.5,PM10,NO2,SO2,CO,O3,AQI
2023-01-01,92.42,205.97,29.87,2.0,0.77,41.52,84.02
2023-01-02,76.54,186.99,37.83,6.4,1.18,40.93,83.79
2023-01-03,96.19,152.39,28.11,10.86,1.21,14.09,77.09
2023-01-04,118.08,124.12,35.38,33.88,1.44,43.4,92.68
2023-01-05,74.15,177.93,11.6,20.57,0.52,64.66,80.15
2023-01-06,74.15,165.74,43.2,2.0,1.5,24.52,94.24
2023-01-07,119.48,185.81,40.02,19.86,0.2,70.97,99.38
2023-01-08,99.19,175.41,27.74,2.0,0.89,59.76,79.59
2023-01-09,68.26,191.98,49.89,25.83,0.96,35.32,98.24
2023-01-10,93.56,128.59,54.06,10.29,1.52,47.17,82.94
2023-01-11,68.41,202.7,15.89,14.06,1.21,81.97,94.02
2023-01-12,68.36,157.9,28.56,28.26,0.5,64.67,82.33
2023-01-13,86.05,233.01,28.46,2.13,0.71,50.18,100.57
2023-01-14,32.17,122.43,25.9,2.0,1.3,45.25,70.77
2023-01-15,36.88,219.44,52.44,9.16,1.16,51.53,88.47
2023-01-16,65.94,157.92,37.09,25.38,0.91,39.76,69.39
2023-01-17,54.68,123.94,36.03,2.0,0.96,10.0,83.25
2023-01-18,87.86,130.64,9.94,2.0,1.55,90.84,93.42
2023-01-19,57.3,137.19,49.53,10.49,0.94,53.11,71.74
2023-01-20,44.69,166.97,21.41,20.52,1.16,57.96,84.33
2023-01-21,116.64,170.91,40.9,27.0,2.28,48.84,118.95
2023-01-22,74.36,127.05,44.16,10.37,0.49,35.3,74.26
2023-01-23,81.69,149.03,60.41,10.89,0.27,46.28,103.67
2023-01-24,44.38,235.69,20.37,26.54,1.59,18.01,84.12
2023-01-25,66.39,219.1,5.0,2.0,0.86,95.54,90.74
2023-01-26,82.77,167.45,42.76,11.11,1.04,25.31,86.8
2023-01-27,51.23,151.52,67.01,16.9,0.81,29.36,81.55
2023-01-28,89.39,154.8,58.58,19.49,1.07,41.19,75.37
2023-01-29,64.98,174.54,43.14,9.9,2.0,75.76,77.41
2023-01-30,72.71,109.09,32.63,15.34,1.6,50.29,72.61
2023-01-31,64.96,139.7,52.11,2.0,1.63,25.28,63.0
2023-02-01,126.31,83.26,25.4,8.42,0.49,75.09,82.07
2023-02-02,79.66,165.97,47.15,19.54,0.62,64.62,91.71
2023-02-03,53.56,175.89,47.58,5.18,0.2,60.77,63.83
2023-02-04,100.56,130.67,55.9,15.59,0.8,64.31,76.06
2023-02-05,49.48,212.96,81.39,19.47,1.68,97.89,103.66
2023-02-06,85.22,100.97,45.89,11.57,1.46,93.7,96.72
2023-02-07,31.01,91.43,32.37,16.7,1.09,36.27,34.14
2023-02-08,46.8,158.98,39.62,5.37,1.19,82.48,87.21
2023-02-09,84.92,191.88,13.46,12.93,0.86,57.66,99.72
2023-02-10,98.46,217.36,29.58,21.1,1.3,59.98,118.43
2023-02-11,84.28,131.64,33.86,16.57,1.58,16.15,94.69
2023-02-12,77.11,193.15,32.14,9.13,0.39,46.59,106.07
2023-02-13,72.47,148.46,42.29,17.24,1.35,33.74,78.77
2023-02-14,43.04,143.09,27.66,22.15,1.67,66.56,77.45
2023-02-15,62.0,185.35,56.82,2.0,0.99,71.42,84.13
2023-02-16,68.48,176.09,40.0,26.59,1.55,10.0,84.97
2023-02-17,106.43,86.94,39.86,11.64,2.61,49.56,113.36
2023-02-18,88.59,209.06,35.08,19.25,1.15,72.44,90.61
2023-02-19,35.92,205.2,42.33,26.97,1.4,46.27,73.29
2023-02-20,88.1,124.98,52.38,2.0,0.83,64.58,97.34
2023-02-21,70.37,165.83,26.99,7.91,1.29,57.02,96.07
2023-02-22,63.08,169.76,30.13,12.11,1.43,56.83,82.0
2023-02-23,95.29,160.43,35.44,7.16,1.3,44.57,102.31
2023-02-24,105.77,127.99,19.81,32.35,0.69,25.67,85.67
2023-02-25,103.28,123.14,27.71,6.43,1.3,27.57,101.2
2023-02-26,59.02,148.98,32.86,9.44,1.93,64.19,86.85
2023-02-27,72.27,196.91,53.12,17.04,1.42,50.39,106.51
2023-02-28,88.28,171.74,43.94,2.98,1.68,47.23,124.52
2023-03-01,104.39,135.18,42.9,11.04,1.08,41.52,96.66
2023-03-02,68.02,180.87,52.76,18.17,1.57,43.9,92.39
2023-03-03,75.36,36.06,37.94,11.67,1.34,70.94,72.99
2023-03-04,52.34,195.95,45.86,14.07,0.72,43.3,75.5
2023-03-05,50.09,80.41,38.45,9.71,1.36,23.18,81.4
2023-03-06,100.31,135.5,43.98,2.0,0.7,64.87,90.3
2023-03-07,113.91,105.21,31.26,18.22,0.88,45.9,83.63
2023-03-08,78.2,98.21,5.0,32.55,1.29,50.63,65.23
2023-03-09,105.09,196.43,37.99,15.18,1.35,82.15,122.66
2023-03-10,89.04,131.29,61.34,17.25,0.61,49.59,91.04
2023-03-11,63.87,163.86,53.89,21.93,1.73,55.78,85.47
2023-03-12,89.03,148.12,54.48,2.31,1.49,26.42,95.39
2023-03-13,118.45,169.08,58.54,32.03,0.85,45.61,88.88
2023-03-14,79.1,153.07,41.33,17.02,0.43,62.19,82.73
2023-03-15,119.12,98.68,42.96,31.32,1.13,18.89,91.88
2023-03-16,14.51,189.85,30.74,7.67,0.98,54.02,82.18
2023-03-17,100.55,130.25,35.26,33.18,1.26,52.02,84.11
2023-03-18,82.18,87.74,49.24,22.75,1.02,50.83,61.5
2023-03-19,72.52,132.88,58.06,20.53,0.2,70.74,66.07
2023-03-20,82.29,210.03,37.91,17.34,1.01,56.69,84.78
2023-03-21,30.31,184.01,33.25,12.51,1.05,79.56,88.65
2023-03-22,74.51,136.05,40.01,27.01,1.52,30.13,97.54
2023-03-23,88.93,136.03,49.02,16.4,0.85,52.72,88.12
2023-03-24,116.95,137.13,18.34,2.0,2.04,51.69,116.5
2023-03-25,67.04,233.07,5.56,3.83,0.24,28.61,82.25
2023-03-26,59.79,165.28,31.74,13.14,1.86,69.13,88.78
2023-03-27,67.46,167.2,21.69,18.1,1.09,96.49,85.52
2023-03-28,102.89,191.21,32.38,14.43,1.63,49.66,104.0
2023-03-29,88.22,159.55,37.78,27.19,1.24,60.1,78.27
2023-03-30,66.76,139.64,33.2,2.0,1.77,51.69,86.14
2023-03-31,92.83,142.15,61.79,16.44,1.01,35.73,87.58
2023-04-01,82.43,147.14,44.9,2.0,0.65,13.58,82.99
2023-04-02,104.22,148.51,44.51,22.6,1.91,35.88,102.39
2023-04-03,62.45,179.11,49.33,14.06,1.14,22.16,79.57
2023-04-04,71.81,152.08,22.92,19.2,1.31,84.08,79.4
2023-04-05,70.2,179.31,55.59,6.36,1.82,47.7,95.87
2023-04-06,43.41,146.77,38.86,27.79,0.68,43.08,72.68
2023-04-07,87.4,153.15,50.06,25.42,1.5,67.78,85.58
2023-04-08,86.53,70.07,23.92,20.84,0.91,27.56,66.12
2023-04-09,80.13,186.65,16.69,13.7,1.13,34.66,90.61
2023-04-10,74.14,163.86,52.27,20.8,1.24,51.36,81.58
2023-04-11,44.62,189.92,45.65,7.93,0.45,70.58,70.0
2023-04-12,69.48,34.15,26.47,23.56,0.81,60.03,57.87
2023-04-13,71.43,233.53,26.96,31.49,1.88,54.97,95.22
2023-04-14,59.94,144.42,56.88,25.71,1.64,51.56,87.5
2023-04-15,75.97,194.33,22.16,7.7,1.17,58.0,83.29
2023-04-16,90.1,108.4,64.64,18.61,1.32,54.03,97.07
2023-04-17,127.15,174.51,26.49,2.07,1.05,29.4,126.83
2023-04-18,84.36,107.86,49.58,20.72,1.88,50.92,79.13
2023-04-19,86.44,125.05,35.07,19.51,1.1,28.53,84.69
2023-04-20,78.14,226.56,49.05,2.0,1.32,51.62,95.21
2023-04-21,32.03,142.37,31.84,3.38,1.77,40.39,78.84
2023-04-22,79.34,158.7,37.56,12.17,0.81,100.79,78.42
2023-04-23,81.51,184.8,40.61,11.99,1.98,49.2,106.2
2023-04-24,141.58,169.83,24.97,2.91,0.43,21.92,92.14
2023-04-25,75.19,156.02,51.11,18.89,2.01,47.32,92.51
2023-04-26,87.54,164.6,32.3,17.51,1.01,60.39,80.93
2023-04-27,79.13,246.14,36.57,13.06,1.08,83.47,116.72
2023-04-28,50.78,147.7,25.08,7.44,0.25,38.21,52.64
2023-04-29,108.57,158.04,5.0,25.49,0.97,18.35,94.81
2023-04-30,98.8,192.03,37.13,31.55,0.68,66.34,96.53
2023-05-01,99.78,194.22,76.19,10.16,0.9,22.39,98.06
2023-05-02,57.27,197.48,51.77,8.88,1.13,41.28,87.01
2023-05-03,115.07,175.55,39.71,19.91,1.68,44.85,102.0
2023-05-04,44.95,104.28,36.06,11.42,1.3,48.61,65.45
2023-05-05,94.67,215.34,40.34,13.61,1.35,63.78,124.06
2023-05-06,134.76,104.15,48.21,22.4,0.65,36.33,84.86
2023-05-07,55.24,162.11,22.29,2.0,0.76,44.53,82.84
2023-05-08,65.84,119.83,56.71,28.18,2.1,49.71,100.82
2023-05-09,82.49,147.43,50.73,15.73,0.83,52.99,76.45
2023-05-10,67.41,163.15,50.77,10.89,2.03,51.96,78.74
2023-05-11,41.23,162.85,46.58,14.11,1.08,58.72,77.04
2023-05-12,81.71,166.88,40.29,14.62,1.2,66.88,87.39
2023-05-13,53.44,214.55,50.09,2.0,1.74,57.85,114.11
2023-05-14,91.84,168.14,48.88,29.95,1.84,59.07,104.32
2023-05-15,57.01,140.23,34.69,15.41,1.14,18.36,61.27
2023-05-16,118.75,188.56,31.4,19.43,1.01,51.0,95.56
2023-05-17,60.42,197.58,41.53,24.52,1.17,59.59,100.62
2023-05-18,71.95,100.9,63.24,4.79,1.37,64.58,73.19
2023-05-19,100.34,173.9,21.41,19.73,1.65,36.15,100.36
2023-05-20,49.23,178.05,17.99,12.32,1.2,36.82,84.82
2023-05-21,85.69,138.1,42.47,23.47,1.51,38.52,83.34
2023-05-22,112.68,205.03,40.76,2.0,2.02,60.73,119.1
2023-05-23,39.81,144.0,42.6,14.01,1.39,70.68,74.03
2023-05-24,84.62,155.02,43.66,8.97,1.36,41.85,96.33
2023-05-25,86.5,143.08,36.65,19.32,0.44,68.16,88.38
2023-05-26,99.55,150.62,62.35,19.7,0.2,52.47,84.83
2023-05-27,49.08,106.15,15.99,7.92,1.39,47.51,64.56
2023-05-28,46.99,92.4,27.57,7.88,1.15,45.77,55.1
2023-05-29,93.05,213.78,38.45,13.89,0.94,64.93,88.91
2023-05-30,87.42,116.12,15.35,6.03,1.32,56.51,84.3
2023-05-31,86.26,110.34,37.36,23.42,1.17,95.52,106.43
2023-06-01,88.66,63.86,64.92,11.31,1.76,32.96,69.04
2023-06-02,63.0,124.44,40.31,2.0,1.24,60.36,67.97
2023-06-03,85.81,97.08,43.46,11.25,0.83,39.42,64.12
2023-06-04,87.33,215.68,21.1,4.61,1.7,32.61,109.5
2023-06-05,62.14,190.39,30.75,2.0,1.09,49.78,88.98
2023-06-06,126.64,122.47,34.37,2.63,1.46,52.75,99.68
2023-06-07,91.85,240.1,35.23,16.09,0.96,108.36,105.77
2023-06-08,50.22,189.27,59.22,28.29,0.88,46.32,81.9
2023-06-09,96.41,137.01,48.37,18.13,1.24,27.4,72.59
2023-06-10,55.63,50.02,23.33,8.93,1.21,55.46,56.85
2023-06-11,99.68,241.64,43.7,19.56,1.44,10.0,118.16
2023-06-12,108.96,94.42,47.47,10.41,1.07,48.16,73.11
2023-06-13,59.48,84.18,57.1,8.05,0.28,50.32,41.78
2023-06-14,104.08,190.9,63.71,3.46,0.98,65.89,121.87
2023-06-15,90.32,247.59,24.77,2.0,1.6,69.47,108.5
2023-06-16,100.55,205.37,27.84,11.1,1.05,39.93,112.5
2023-06-17,127.42,172.56,21.14,16.58,1.08,46.99,104.7
2023-06-18,73.87,173.79,36.49,14.03,1.69,34.68,89.17
2023-06-19,61.16,184.14,47.0,10.84,0.84,27.44,83.47
2023-06-20,57.76,180.36,54.81,5.54,0.43,56.2,68.81
2023-06-21,59.6,161.25,38.86,21.08,1.12,24.53,77.23
2023-06-22,78.07,154.17,35.2,2.0,0.96,41.71,77.7
2023-06-23,88.53,147.5,42.28,22.76,0.72,30.1,68.75
2023-06-24,86.92,119.84,27.47,4.98,1.11,60.99,85.38
2023-06-25,100.68,138.77,71.34,7.48,1.45,86.03,100.26
2023-06-26,80.33,82.28,15.89,2.0,1.2,23.97,64.25
2023-06-27,116.34,146.07,42.77,9.99,1.35,12.94,83.9
2023-06-28,73.38,110.46,70.35,24.75,2.11,47.5,103.82
2023-06-29,148.0,105.86,40.1,20.16,1.03,50.31,111.99
2023-06-30,95.64,157.2,37.15,24.78,1.34,54.37,105.84
2023-07-01,58.57,205.68,34.64,20.22,0.95,41.07,81.6
2023-07-02,53.23,186.73,37.29,3.96,0.78,45.99,59.94
2023-07-03,92.06,87.18,60.59,11.69,0.91,57.35,98.11
2023-07-04,74.41,110.41,6.82,7.2,0.96,70.81,72.51
2023-07-05,97.85,187.63,63.0,28.31,1.38,10.9,92.33
2023-07-06,91.83,110.7,18.64,3.03,2.37,42.62,95.19
2023-07-07,78.18,141.01,36.0,23.94,0.84,54.28,92.5
2023-07-08,58.83,172.0,33.56,23.93,0.99,31.64,76.92
2023-07-09,42.13,111.27,48.83,33.3,1.17,84.62,82.82
2023-07-10,68.84,154.22,16.03,10.9,1.4,37.29,90.93
2023-07-11,101.41,96.64,46.93,22.12,1.33,49.17,75.62
2023-07-12,85.35,125.95,70.36,37.82,1.84,61.12,89.11
2023-07-13,48.86,162.79,19.55,8.82,0.2,38.17,71.8
2023-07-14,84.33,86.28,42.85,2.0,0.2,13.07,32.21
2023-07-15,89.63,167.62,30.07,2.0,0.95,41.43,86.72
2023-07-16,57.9,149.21,46.39,22.13,1.75,70.59,72.52
2023-07-17,83.84,172.1,40.29,2.0,0.42,43.26,77.98
2023-07-18,81.46,158.96,30.38,11.28,0.2,33.07,71.95
2023-07-19,51.43,204.57,47.32,19.37,1.49,68.51,88.73
2023-07-20,88.94,155.01,67.07,16.85,1.32,43.38,88.33
2023-07-21,94.02,132.82,37.14,19.25,0.65,39.8,70.4
2023-07-22,107.08,154.89,50.8,17.22,0.71,52.99,117.69
2023-07-23,106.35,171.73,20.6,27.79,0.72,65.42,115.97
2023-07-24,45.56,151.95,25.65,5.48,1.26,97.63,67.03
2023-07-25,56.55,151.62,47.09,8.23,0.89,66.54,92.74
2023-07-26,92.88,121.92,62.26,7.27,1.45,73.2,89.58
2023-07-27,92.84,123.48,45.33,23.3,0.2,39.88,76.81
2023-07-28,92.88,93.9,35.3,24.0,0.77,29.48,72.17
2023-07-29,176.32,219.98,39.99,19.51,0.64,51.25,126.96
2023-07-30,94.27,100.25,21.24,26.83,1.07,52.14,89.6
2023-07-31,108.39,122.28,49.07,3.22,0.93,28.43,87.71
2023-08-01,103.85,121.26,53.23,31.67,1.6,46.49,90.9
2023-08-02,96.28,185.8,33.22,30.23,0.27,57.99,78.86
2023-08-03,72.12,138.2,32.95,22.36,1.22,57.21,72.77
2023-08-04,98.97,199.91,43.99,32.82,1.48,60.09,93.0
2023-08-05,60.68,123.06,33.45,2.0,2.13,55.82,82.11
2023-08-06,74.08,161.16,39.01,9.76,0.96,39.86,69.86
2023-08-07,67.87,116.59,71.5,7.65,1.36,39.72,74.92
2023-08-08,82.05,235.81,36.29,22.21,0.3,26.02,105.3
2023-08-09,137.87,102.5,34.62,4.5,0.2,85.7,106.18
2023-08-10,33.32,162.39,30.29,22.57,1.62,50.27,73.4
2023-08-11,97.16,175.35,51.16,28.71,1.2,45.5,98.41
2023-08-12,39.68,166.55,37.28,21.95,1.79,31.42,95.41
2023-08-13,68.2,142.59,30.26,17.84,0.51,108.71,86.36
2023-08-14,107.22,144.81,59.82,5.12,1.46,28.53,93.69
2023-08-15,81.61,151.75,61.29,6.53,2.13,41.42,82.75
2023-08-16,53.06,144.12,30.99,27.5,1.41,58.32,81.31
2023-08-17,62.12,188.56,12.0,22.79,1.34,62.0,95.87
2023-08-18,96.99,238.42,55.11,14.61,1.2,69.16,108.82
2023-08-19,61.74,127.7,29.73,10.82,0.41,86.15,73.73
2023-08-20,85.41,95.21,51.86,2.0,1.88,60.12,82.65
2023-08-21,81.14,146.47,10.45,4.29,0.89,28.88,74.45
2023-08-22,63.71,253.19,53.39,34.11,1.45,44.86,79.54
2023-08-23,133.6,117.85,21.83,2.2,0.42,56.16,89.69
2023-08-24,95.85,215.56,50.96,16.89,0.61,91.36,116.89
2023-08-25,29.37,217.11,40.21,25.07,1.92,22.04,76.61
2023-08-26,84.66,127.86,25.69,2.45,1.03,74.05,84.02
2023-08-27,63.46,172.76,33.89,16.85,1.93,53.6,83.91
2023-08-28,101.31,215.14,50.29,24.38,1.16,66.76,115.03
2023-08-29,60.19,134.83,41.59,15.12,0.28,47.96,63.78
2023-08-30,77.13,141.86,48.77,43.68,1.65,33.15,78.33
2023-08-31,92.62,126.73,69.65,2.0,0.91,65.02,101.59
2023-09-01,101.64,109.41,16.54,25.59,1.55,63.09,99.72
2023-09-02,49.99,124.03,64.26,13.27,1.21,69.44,68.39
2023-09-03,71.64,101.04,41.57,22.72,0.43,49.73,70.88
2023-09-04,68.13,151.36,26.52,19.41,1.28,38.0,85.04
2023-09-05,63.67,119.2,20.05,7.67,2.3,18.82,83.92
2023-09-06,124.14,159.35,37.16,17.29,1.45,66.39,93.59
2023-09-07,90.12,87.76,53.82,2.0,1.17,58.48,89.64
2023-09-08,48.48,163.24,38.09,21.03,1.74,30.68,73.18
2023-09-09,102.95,183.34,62.67,17.98,1.31,39.23,100.37
2023-09-10,133.05,70.25,18.23,21.39,1.3,40.66,115.69
2023-09-11,105.81,164.96,39.82,25.58,0.65,20.34,93.19
2023-09-12,42.02,199.11,21.21,18.68,1.32,33.65,74.04
2023-09-13,67.89,101.61,45.45,16.48,1.72,27.32,52.07
2023-09-14,111.67,216.9,53.3,6.19,0.78,41.75,121.67
2023-09-15,62.31,166.76,33.69,7.88,1.91,35.23,72.99
2023-09-16,91.1,121.8,5.0,26.87,1.15,17.46,66.77
2023-09-17,99.37,147.77,42.98,29.36,0.76,90.45,92.88
2023-09-18,56.83,172.33,46.55,12.62,1.7,75.05,104.89
2023-09-19,78.51,153.04,46.06,15.46,1.06,34.42,90.85
2023-09-20,10.0,171.55,58.54,5.95,1.58,55.45,67.0
2023-09-21,54.39,113.17,23.93,26.73,1.05,58.35,70.5
2023-09-22,73.69,156.77,50.2,21.65,1.17,73.82,83.7
2023-09-23,48.81,93.45,57.89,34.41,1.45,33.63,66.63
2023-09-24,120.81,145.55,13.32,6.22,1.35,71.84,104.04
2023-09-25,44.25,113.84,44.79,11.22,0.2,39.04,63.07
2023-09-26,69.0,120.58,32.44,17.31,0.64,23.28,75.38
2023-09-27,83.27,199.44,38.78,21.46,1.66,64.48,109.41
2023-09-28,116.03,193.65,45.22,12.84,1.13,75.82,109.4
2023-09-29,44.1,174.37,32.69,6.27,0.94,101.76,88.16
2023-09-30,109.08,106.31,29.86,23.81,0.52,26.01,77.26
2023-10-01,80.26,137.34,40.51,22.21,0.66,63.98,70.11
2023-10-02,55.46,198.52,23.69,5.84,0.2,41.8,68.79
2023-10-03,91.55,155.67,23.71,28.55,1.15,65.67,93.74
2023-10-04,84.98,242.77,50.19,26.7,0.9,20.59,110.1
2023-10-05,64.99,165.73,22.77,16.34,0.72,24.74,71.28
2023-10-06,81.75,157.68,49.99,15.8,1.17,34.48,74.76
2023-10-07,70.37,137.64,46.94,20.54,1.38,51.58,83.52
2023-10-08,82.84,155.34,14.11,6.38,2.25,37.18,95.11
2023-10-09,96.55,143.9,29.84,15.3,0.44,63.18,86.93
2023-10-10,119.65,178.32,57.91,2.0,1.78,70.54,126.99
2023-10-11,49.05,188.27,25.28,23.76,1.69,61.99,97.35
2023-10-12,133.33,118.56,33.03,2.0,0.81,82.38,94.96
2023-10-13,31.2,96.75,46.93,30.03,1.3,58.32,53.63
2023-10-14,76.21,76.55,51.75,11.7,0.97,25.66,54.71
2023-10-15,94.71,170.32,36.23,12.88,1.29,77.27,107.72
2023-10-16,87.02,105.87,31.04,8.72,1.95,37.9,99.24
2023-10-17,64.43,63.88,61.34,12.12,1.5,68.21,67.4
2023-10-18,74.8,165.54,66.08,29.19,1.45,81.47,95.44
2023-10-19,67.67,249.72,54.68,2.0,0.98,59.13,115.97
2023-10-20,65.27,149.76,41.28,27.77,0.46,20.08,74.22
2023-10-21,101.24,183.54,27.88,18.38,1.1,31.64,100.98
2023-10-22,88.93,153.27,27.54,2.93,1.8,76.45,86.72
2023-10-23,62.68,146.04,47.84,4.25,0.44,46.62,77.42
2023-10-24,102.49,186.76,46.28,31.76,0.67,51.59,89.74
2023-10-25,87.68,138.39,61.02,5.54,1.26,65.18,80.2
2023-10-26,100.32,160.7,49.76,3.47,0.71,63.93,90.61
2023-10-27,95.74,162.87,17.45,26.37,0.8,55.58,84.45
2023-10-28,59.28,123.28,55.78,18.39,0.99,45.83,69.4
2023-10-29,66.0,189.68,25.03,5.62,0.52,43.75,64.44
2023-10-30,98.68,143.0,34.24,17.17,0.71,67.16,99.15
2023-10-31,95.26,119.77,43.75,4.74,1.55,61.07,102.62
2023-11-01,79.48,171.46,69.94,26.01,0.55,44.85,67.09
2023-11-02,82.93,114.06,86.65,25.61,0.4,71.64,90.47
2023-11-03,111.94,151.13,49.1,20.32,0.88,47.42,88.79
2023-11-04,65.21,149.64,37.25,18.62,1.57,32.97,89.84
2023-11-05,93.68,193.44,48.02,32.61,1.1,34.82,98.14
2023-11-06,74.95,168.99,53.31,15.0,0.97,30.43,84.39
2023-11-07,74.56,149.0,35.19,3.18,1.22,44.55,80.35
2023-11-08,107.47,182.71,66.93,19.49,0.33,74.67,113.79
2023-11-09,100.64,205.61,43.45,35.86,1.45,33.9,94.68
2023-11-10,100.34,172.31,47.47,4.85,1.39,53.77,107.65
2023-11-11,112.64,150.41,49.99,11.39,1.0,36.87,107.2
2023-11-12,80.53,97.53,46.32,19.16,1.7,44.79,88.22
2023-11-13,97.05,107.4,52.58,14.46,0.64,19.8,98.86
2023-11-14,72.24,137.79,30.74,5.18,1.76,45.59,78.98
2023-11-15,88.1,125.62,31.63,26.22,1.28,46.13,94.1
2023-11-16,76.75,142.52,23.5,38.2,1.03,60.81,81.84
2023-11-17,82.42,152.27,46.59,16.96,1.19,54.47,101.34
2023-11-18,94.88,171.19,51.68,5.96,1.15,26.03,92.95
2023-11-19,59.54,147.18,46.87,2.0,1.81,71.68,83.02
2023-11-20,132.31,169.46,65.12,17.58,0.66,54.21,122.01
2023-11-21,54.85,152.58,39.92,26.04,0.82,53.97,69.12
2023-11-22,49.65,70.98,50.03,19.75,1.72,49.82,50.57
2023-11-23,108.95,112.43,23.62,14.98,0.9,39.64,78.98
2023-11-24,99.79,144.24,34.19,9.11,1.65,54.36,103.49
2023-11-25,95.6,101.61,50.43,4.08,2.05,59.51,107.16
2023-11-26,95.71,174.0,52.74,23.35,1.0,15.06,92.89
2023-11-27,79.69,211.23,35.59,24.14,1.54,39.22,113.36
2023-11-28,57.57,198.75,38.93,2.0,0.62,44.9,66.16
2023-11-29,81.9,141.46,17.23,30.9,1.58,55.12,83.93
2023-11-30,63.07,209.63,34.64,20.74,1.3,73.87,92.85
2023-12-01,104.38,155.95,53.36,29.0,1.44,34.57,98.13
2023-12-02,76.32,136.52,48.63,2.0,0.88,40.04,78.41
2023-12-03,59.36,125.46,47.51,2.0,0.37,39.75,70.25
2023-12-04,71.97,137.9,40.75,13.51,1.45,33.97,76.28
2023-12-05,90.32,134.47,40.11,20.03,0.2,43.06,77.88
2023-12-06,65.91,156.82,30.1,32.96,1.04,65.42,82.16
2023-12-07,59.44,156.42,50.48,22.06,1.67,28.92,73.0
2023-12-08,86.09,150.12,46.31,12.57,1.3,58.56,90.33
2023-12-09,86.12,167.48,47.38,4.74,2.17,15.96,95.62
2023-12-10,67.33,197.63,32.11,27.3,1.71,38.77,92.32
2023-12-11,68.22,187.98,7.7,5.35,0.87,43.41,81.48
2023-12-12,85.8,90.6,56.46,31.28,1.21,83.5,85.07
2023-12-13,43.8,47.84,32.82,12.16,1.18,44.5,45.09
2023-12-14,44.81,187.37,27.06,30.91,0.41,10.0,77.97
2023-12-15,62.04,95.32,50.4,21.79,0.73,10.02,47.12
2023-12-16,74.66,141.01,34.12,13.63,0.92,50.68,71.75
2023-12-17,87.77,103.2,55.9,9.81,0.2,62.28,100.97
2023-12-18,116.88,77.92,49.26,11.59,1.22,57.51,78.33
2023-12-19,101.44,171.66,50.25,19.28,1.08,53.35,86.12
2023-12-20,76.0,180.37,19.51,15.77,0.36,73.25,91.18
2023-12-21,79.52,126.94,58.18,9.06,1.4,39.21,62.6
2023-12-22,54.94,46.36,43.92,13.34,1.56,67.9,59.72
2023-12-23,79.54,128.15,34.46,15.79,1.31,17.36,98.88
2023-12-24,72.78,165.67,42.15,2.0,1.04,31.9,66.28
2023-12-25,88.07,90.84,13.36,19.58,1.5,13.86,52.93
2023-12-26,59.32,157.33,46.13,5.2,1.54,44.5,67.15
2023-12-27,92.98,149.39,24.56,3.47,1.35,49.07,99.58
2023-12-28,118.32,173.17,19.71,2.0,0.79,52.28,111.0
2023-12-29,77.28,154.78,17.16,2.0,1.34,51.24,79.63
2023-12-30,90.04,111.08,56.69,2.0,1.8,31.45,93.53
2023-12-31,97.25,197.86,30.56,7.91,0.9,46.2,111.77
2024-01-01,69.97,143.66,63.01,34.53,2.25,20.05,108.12
2024-01-02,85.6,148.91,31.96,9.74,0.94,77.26,86.2
2024-01-03,80.31,112.67,14.39,16.78,1.22,43.93,52.67
2024-01-04,82.44,132.27,23.25,19.0,0.86,40.22,69.17
2024-01-05,60.67,114.61,58.54,16.31,1.31,81.78,74.98
2024-01-06,80.61,143.08,37.66,14.23,0.33,25.16,69.81
2024-01-07,92.45,218.47,31.78,3.05,0.93,27.49,95.52
2024-01-08,116.28,95.12,42.4,29.51,0.65,28.08,93.19
2024-01-09,103.98,85.46,47.53,33.07,1.27,48.64,97.81
2024-01-10,133.83,208.85,56.76,2.0,1.7,58.63,125.13
2024-01-11,60.82,141.63,61.73,4.76,1.52,64.79,95.0
2024-01-12,101.81,123.24,34.6,12.2,0.2,101.44,90.23
2024-01-13,84.58,191.6,20.11,5.35,2.22,10.0,98.79
2024-01-14,134.75,125.78,33.8,20.06,1.35,62.17,115.3
2024-01-15,59.79,223.04,43.9,7.72,0.81,38.86,87.97
2024-01-16,59.01,177.12,25.54,36.65,1.28,38.27,102.52
2024-01-17,65.02,130.48,25.64,26.91,1.29,37.6,60.15
2024-01-18,26.9,236.29,45.16,17.13,0.87,31.82,71.68
2024-01-19,66.86,125.77,39.27,25.27,1.3,83.69,81.37
2024-01-20,61.02,179.68,40.49,26.06,0.9,66.85,89.08
2024-01-21,83.76,161.97,28.62,9.36,1.0,50.46,99.46
2024-01-22,88.54,202.07,36.54,6.84,0.86,77.02,99.71
2024-01-23,126.9,212.46,26.14,15.78,0.48,19.75,90.23
2024-01-24,103.76,151.28,53.35,23.62,1.27,23.39,102.94
2024-01-25,65.58,119.86,55.53,16.39,1.49,10.0,80.55
2024-01-26,57.54,168.4,12.31,2.0,1.46,36.01,58.58
2024-01-27,92.3,122.89,26.06,6.97,1.61,53.23,88.5
2024-01-28,46.99,230.54,17.55,14.26,1.36,52.06,72.9
2024-01-29,125.79,155.46,30.25,14.24,0.93,52.99,95.78
2024-01-30,109.49,135.39,38.75,34.73,1.62,21.78,86.92
2024-01-31,68.27,157.39,18.26,2.0,0.52,66.06,83.93
2024-02-01,37.17,96.11,26.17,20.06,0.75,54.79,54.6
2024-02-02,113.85,111.14,24.94,29.89,0.72,64.66,75.78
2024-02-03,77.14,198.02,43.11,37.71,1.74,12.14,104.68
2024-02-04,110.95,123.72,41.04,10.96,1.67,56.23,84.59
2024-02-05,40.14,108.12,29.17,19.91,1.44,26.24,63.27
2024-02-06,65.02,171.47,42.65,20.7,1.74,42.05,81.13
2024-02-07,80.13,197.43,31.8,16.95,0.76,60.69,88.62
2024-02-08,81.17,178.76,35.93,14.01,1.37,51.82,99.07
2024-02-09,68.75,189.84,65.1,19.36,1.14,32.97,94.48
2024-02-10,95.57,119.73,60.11,2.0,1.62,50.13,105.41
2024-02-11,53.31,93.13,20.51,21.82,1.14,19.37,56.6
2024-02-12,76.44,210.05,52.45,16.26,1.01,73.01,102.74
2024-02-13,83.01,137.09,52.17,12.78,1.47,45.89,83.69
2024-02-14,92.86,139.97,22.78,35.47,1.64,72.37,98.25
2024-02-15,97.79,203.13,52.28,8.25,0.87,39.47,104.36
2024-02-16,51.88,172.25,63.07,10.97,1.17,39.53,78.7
2024-02-17,41.65,168.24,23.16,34.92,0.67,34.72,48.25
2024-02-18,111.94,236.6,26.24,6.68,0.2,67.52,110.5
2024-02-19,88.31,124.26,55.26,9.5,1.3,35.81,88.2
2024-02-20,61.29,187.11,44.07,13.53,1.5,62.89,84.7
2024-02-21,118.78,152.28,48.27,23.41,1.33,42.35,90.78
2024-02-22,82.89,160.74,45.11,17.08,0.23,10.48,89.25
2024-02-23,109.48,211.14,45.86,2.07,1.02,38.59,111.66
2024-02-24,81.69,170.31,20.1,9.68,0.2,26.42,72.9
2024-02-25,131.52,171.53,55.71,8.93,1.88,50.68,108.01
2024-02-26,123.88,192.9,57.54,14.23,0.66,26.19,96.88
2024-02-27,73.78,135.4,36.56,19.26,1.83,68.52,102.79
2024-02-28,104.29,116.43,39.35,19.18,1.67,48.18,95.23
2024-02-29,96.13,108.21,17.03,2.0,0.75,46.45,70.86
2024-03-01,114.22,71.35,47.71,25.64,0.63,63.12,86.91
2024-03-02,55.88,232.25,48.58,17.53,1.38,69.28,90.53
2024-03-03,97.15,105.87,39.07,28.85,0.78,49.6,95.61
2024-03-04,106.46,141.15,56.87,19.44,1.25,34.58,108.7
2024-03-05,36.03,138.93,34.99,26.01,0.96,14.52,54.1
2024-03-06,50.42,162.3,48.47,19.67,0.31,36.28,60.71
2024-03-07,29.02,182.63,24.71,28.46,0.2,37.66,33.49
2024-03-08,73.26,184.42,39.65,20.22,1.31,52.14,77.3
2024-03-09,97.94,126.68,37.38,14.02,0.92,43.1,71.21
2024-03-10,117.56,143.32,43.38,37.72,0.92,63.76,102.06
2024-03-11,81.85,161.3,34.46,23.89,1.55,37.74,87.52
2024-03-12,120.72,140.05,38.03,20.74,1.79,48.86,92.88
2024-03-13,45.5,214.29,52.39,2.24,1.06,73.68,85.29
2024-03-14,37.42,169.64,33.45,2.12,1.03,56.84,76.22
2024-03-15,78.61,179.4,15.9,17.93,1.45,48.8,96.91
2024-03-16,89.6,176.52,66.24,16.46,0.52,37.96,70.5
2024-03-17,79.18,196.94,60.72,8.86,1.31,37.34,95.01
2024-03-18,28.31,157.24,20.62,16.41,1.48,32.99,51.53
2024-03-19,77.77,98.13,50.35,30.89,1.54,39.18,87.61
2024-03-20,47.39,165.99,32.46,21.95,0.23,65.11,76.42
2024-03-21,96.74,123.95,43.95,3.59,0.82,45.56,74.11
2024-03-22,89.16,128.86,44.41,13.88,0.76,23.0,69.97
2024-03-23,56.5,173.45,36.48,6.95,1.25,85.36,81.98
2024-03-24,67.15,199.53,28.24,11.12,1.44,56.4,70.48
2024-03-25,53.52,150.85,29.64,10.86,1.95,21.86,81.21
2024-03-26,78.43,162.35,26.26,10.22,0.95,41.16,79.95
2024-03-27,103.88,218.09,27.52,2.45,0.95,52.22,115.09
2024-03-28,55.36,159.63,38.99,13.72,1.77,84.09,78.03
2024-03-29,92.6,254.07,29.26,9.39,1.35,27.84,102.72
2024-03-30,66.74,172.62,50.23,2.0,1.83,69.52,80.05
2024-03-31,60.18,79.57,62.31,35.53,1.34,77.99,63.09
2024-04-01,77.32,180.13,31.3,25.89,0.62,37.43,71.39
2024-04-02,54.12,165.25,43.59,11.24,0.53,44.45,81.58
2024-04-03,66.16,201.59,47.5,15.19,0.42,29.27,73.94
2024-04-04,50.05,176.93,47.08,3.28,1.53,45.93,83.72
2024-04-05,129.12,144.46,41.14,31.96,1.79,49.27,107.78
2024-04-06,80.88,101.03,51.14,33.97,2.12,63.19,77.4
2024-04-07,62.51,141.64,47.23,16.57,1.62,71.8,84.19
2024-04-08,85.35,115.98,21.44,25.24,1.78,35.04,89.8
2024-04-09,77.19,126.78,53.04,16.75,0.91,10.65,60.99
2024-04-10,74.48,173.54,53.31,2.0,0.62,49.58,91.68
2024-04-11,95.35,216.8,28.55,10.88,1.63,55.87,101.03
2024-04-12,98.94,165.79,40.57,16.32,1.41,54.99,95.11
2024-04-13,66.74,102.16,50.25,10.45,1.25,43.47,77.04
2024-04-14,65.6,167.78,36.86,12.81,1.39,52.5,79.3
2024-04-15,73.12,197.87,56.09,14.09,1.36,80.31,101.17
2024-04-16,22.45,125.61,75.46,14.19,1.84,57.63,66.28
2024-04-17,42.12,144.64,28.21,15.52,1.85,42.53,75.52
2024-04-18,114.17,150.59,19.28,4.39,1.47,40.0,74.85
2024-04-19,121.12,118.6,44.56,7.83,1.62,46.6,81.94
2024-04-20,73.77,175.93,50.82,2.15,1.46,82.73,103.03
2024-04-21,94.41,145.16,36.54,24.78,0.97,46.33,98.71
2024-04-22,87.78,166.78,61.8,2.0,1.58,49.6,88.87
2024-04-23,156.97,114.5,19.92,26.54,0.5,40.35,97.65
2024-04-24,107.99,132.5,50.39,28.86,1.73,71.98,107.19
2024-04-25,76.8,178.9,30.91,11.98,0.6,89.2,96.53
2024-04-26,56.11,135.09,65.79,2.0,1.34,59.01,58.15
2024-04-27,39.84,219.08,69.89,11.39,0.78,51.66,73.97
2024-04-28,85.09,134.01,28.5,14.36,1.48,50.74,83.46
2024-04-29,61.09,158.99,31.76,4.89,1.18,10.0,80.02
2024-04-30,44.44,187.3,52.89,9.85,0.4,64.9,99.77
2024-05-01,63.84,93.27,34.19,30.3,1.41,52.68,68.85
2024-05-02,52.96,79.57,39.32,21.65,0.91,58.57,45.94
2024-05-03,122.18,88.97,40.38,5.75,1.64,35.77,96.79
2024-05-04,102.04,200.5,11.2,2.0,1.2,42.31,113.7
2024-05-05,79.8,127.93,39.79,11.73,1.4,41.78,83.4
2024-05-06,117.0,252.33,29.65,12.87,0.72,70.43,109.58
2024-05-07,81.93,127.43,32.6,19.96,0.91,42.42,87.52
2024-05-08,58.47,157.38,61.65,9.65,0.97,91.65,91.6
2024-05-09,118.08,211.68,21.15,20.11,1.63,58.62,107.5
2024-05-10,93.47,230.24,52.2,34.35,2.04,24.49,118.25
2024-05-11,54.07,232.46,35.82,23.16,0.8,47.43,97.92
2024-05-12,75.24,198.33,35.8,14.52,1.74,36.97,108.82
2024-05-13,58.11,190.96,51.86,13.17,0.2,10.0,70.12
2024-05-14,45.43,173.7,45.1,11.43,0.6,81.99,72.74
2024-05-15,103.15,181.13,48.56,26.81,0.72,64.06,112.77
2024-05-16,127.74,127.95,54.52,8.73,0.52,60.66,84.81
2024-05-17,45.04,117.27,35.03,15.45,0.41,53.31,62.21
2024-05-18,94.07,149.87,30.82,15.51,1.41,22.36,75.18
2024-05-19,63.73,143.19,23.72,9.98,1.09,40.33,84.64
2024-05-20,67.82,131.87,27.62,2.0,1.39,66.84,77.71
2024-05-21,65.19,177.86,84.24,18.23,1.55,28.98,103.47
2024-05-22,58.4,188.21,58.67,14.39,1.33,10.0,87.33
2024-05-23,81.21,153.54,19.73,20.0,1.53,45.46,76.04
2024-05-24,59.23,209.1,20.16,9.66,1.17,47.16,100.98
2024-05-25,86.76,104.33,47.23,27.21,0.61,52.71,91.14
2024-05-26,78.74,142.25,48.21,6.23,1.73,64.57,100.88
2024-05-27,74.03,121.33,48.23,32.12,0.91,62.75,71.16
2024-05-28,57.31,75.34,36.18,2.0,0.73,55.18,54.25
2024-05-29,65.58,146.69,38.12,19.35,1.11,73.91,84.0
2024-05-30,98.88,145.13,44.92,19.75,0.74,19.62,77.4
2024-05-31,92.52,210.54,41.29,7.04,0.99,60.09,119.45
2024-06-01,55.56,175.23,6.71,19.24,1.37,62.53,83.45
2024-06-02,82.48,109.03,36.55,27.8,1.37,25.21,50.33
2024-06-03,98.78,224.16,27.23,2.0,0.75,19.94,101.07
2024-06-04,38.26,198.84,42.63,20.03,0.96,35.08,71.68
2024-06-05,93.58,173.28,84.78,2.0,1.74,36.77,102.81
2024-06-06,63.43,140.94,45.51,5.34,1.45,65.07,78.94
2024-06-07,94.26,111.62,35.3,31.29,2.24,37.71,101.23
2024-06-08,60.92,135.11,53.83,9.18,1.79,32.87,91.26
2024-06-09,34.88,193.55,47.24,3.26,1.77,37.77,83.77
2024-06-10,39.31,225.38,46.3,13.02,0.51,72.37,78.61
2024-06-11,81.2,211.73,49.1,35.68,1.58,50.26,104.47
2024-06-12,86.49,130.45,70.85,2.0,1.17,46.41,86.76
2024-06-13,57.39,105.22,23.04,4.49,0.92,47.8,54.92
2024-06-14,95.96,155.64,47.1,29.97,1.28,75.84,105.73
2024-06-15,38.46,79.26,26.1,33.58,1.67,35.02,62.11
2024-06-16,78.35,162.93,48.33,13.97,1.45,76.31,110.81
2024-06-17,49.72,144.1,26.22,2.61,0.76,54.21,79.75
2024-06-18,63.7,131.36,33.74,35.96,1.57,46.79,72.8
2024-06-19,81.18,86.21,35.57,30.94,0.88,100.02,86.84
2024-06-20,58.49,170.54,54.64,21.79,1.31,28.89,71.96
2024-06-21,70.39,128.69,53.78,6.88,1.05,42.93,83.5
2024-06-22,105.16,103.2,21.31,14.51,1.09,25.35,75.1
2024-06-23,65.58,35.11,40.82,13.4,1.58,69.05,53.96
2024-06-24,100.89,148.9,29.36,18.31,0.68,83.78,96.15
2024-06-25,51.76,220.89,21.12,29.51,2.17,83.4,75.96
2024-06-26,93.25,216.45,36.74,23.79,0.29,74.48,82.01
2024-06-27,116.04,131.72,35.37,4.23,0.9,46.05,90.65
2024-06-28,18.21,125.91,76.4,28.76,1.39,42.7,62.62
2024-06-29,60.08,168.75,46.49,18.13,1.49,16.58,77.05
2024-06-30,94.43,110.06,19.34,21.87,1.15,90.72,72.12
2024-07-01,74.92,162.07,31.53,29.67,1.17,59.38,79.46
2024-07-02,89.28,180.64,55.32,3.88,1.41,40.16,101.56
2024-07-03,64.9,199.08,71.33,14.64,1.08,76.56,101.79
2024-07-04,82.16,145.99,16.21,9.69,1.9,30.54,87.56
2024-07-05,76.11,141.85,11.8,2.0,1.62,58.13,96.58
2024-07-06,109.19,114.88,68.06,18.47,1.64,46.55,101.7
2024-07-07,86.36,116.92,45.84,40.12,0.72,62.77,73.63
2024-07-08,88.44,140.94,26.98,2.0,1.16,48.73,82.47
2024-07-09,69.7,164.69,48.02,14.68,1.05,20.98,65.97
2024-07-10,67.81,186.54,5.0,21.41,0.7,51.51,79.62
2024-07-11,69.19,117.87,40.05,16.23,1.38,70.98,91.63
2024-07-12,89.86,209.71,44.92,13.87,0.93,49.42,106.65
2024-07-13,69.48,139.16,53.86,2.01,1.53,65.5,100.23
2024-07-14,87.24,149.15,24.79,17.33,0.66,29.09,76.06
2024-07-15,131.89,120.11,41.29,7.43,2.06,49.47,122.75
2024-07-16,101.78,53.03,26.12,2.0,0.75,37.51,65.24
2024-07-17,71.85,185.36,43.83,26.95,1.31,64.94,109.1
2024-07-18,110.03,179.47,26.57,24.58,1.6,50.63,107.13
2024-07-19,69.8,138.75,33.88,15.52,0.91,63.8,85.62
2024-07-20,29.05,152.68,25.06,17.29,1.63,71.75,87.3
2024-07-21,54.8,170.64,49.77,25.74,0.59,63.83,75.81
2024-07-22,33.23,87.5,52.88,17.24,1.93,55.46,66.71
2024-07-23,71.21,128.84,36.48,24.04,1.21,30.04,88.57
2024-07-24,80.46,181.77,40.57,12.03,0.9,49.94,88.38
2024-07-25,121.91,99.83,18.27,28.12,1.05,39.34,75.16
2024-07-26,88.17,161.74,35.5,18.21,1.6,43.12,116.02
2024-07-27,74.52,95.74,39.25,16.94,0.91,42.51,64.48
2024-07-28,100.74,168.66,79.31,2.3,0.83,30.4,96.47
2024-07-29,24.72,148.57,23.32,17.87,1.09,10.85,66.91
2024-07-30,85.89,85.39,61.96,6.68,0.61,36.64,63.49
2024-07-31,99.27,196.59,54.95,8.62,2.11,53.87,104.06
2024-08-01,43.04,120.62,44.21,6.85,0.92,23.04,61.26
2024-08-02,108.59,117.59,66.38,4.34,1.62,50.31,79.58
2024-08-03,88.46,158.02,45.58,36.25,1.3,88.01,96.73
2024-08-04,69.62,195.95,45.84,28.31,0.71,70.46,93.13
2024-08-05,95.82,109.37,39.2,34.2,1.2,82.87,87.53
2024-08-06,136.77,152.47,58.35,2.77,1.59,57.82,100.33
2024-08-07,84.55,167.15,56.45,15.71,1.11,73.35,111.68
2024-08-08,86.21,177.72,30.61,2.06,1.8,35.52,97.52
2024-08-09,68.52,157.06,20.21,8.04,1.71,37.11,98.23
2024-08-10,58.75,135.32,36.96,5.82,1.66,10.0,70.05
2024-08-11,100.76,116.9,28.0,27.4,0.97,73.72,79.81
2024-08-12,58.6,153.45,39.05,11.04,0.66,80.81,80.0
2024-08-13,81.79,107.11,58.56,25.68,0.89,38.94,73.89
2024-08-14,68.06,33.15,33.14,21.04,1.3,44.92,46.16
2024-08-15,91.97,167.46,39.36,38.04,1.47,34.92,110.79
2024-08-16,88.34,186.16,40.87,2.0,0.2,57.65,81.18
2024-08-17,105.94,55.48,52.73,27.59,1.2,72.5,64.56
2024-08-18,67.25,109.61,6.3,26.46,1.28,15.14,79.12
2024-08-19,73.25,174.77,30.9,5.27,1.06,58.19,81.91
2024-08-20,55.53,232.3,43.17,25.07,1.85,44.47,93.29
2024-08-21,68.89,150.83,58.0,18.36,1.41,52.27,68.74
2024-08-22,89.43,120.88,32.62,12.73,1.86,59.18,108.68
2024-08-23,98.92,142.68,11.85,6.76,1.09,46.24,74.59
2024-08-24,56.95,205.0,49.3,7.81,1.67,47.93,93.56
2024-08-25,101.74,124.16,30.47,35.5,2.02,45.72,106.51
2024-08-26,113.89,118.03,22.16,15.01,1.86,69.41,105.32
2024-08-27,90.34,130.69,30.63,22.82,0.65,58.38,81.18
2024-08-28,126.92,111.87,37.23,7.09,1.07,54.41,79.1
2024-08-29,60.66,154.91,30.93,7.2,1.03,24.58,64.56
2024-08-30,48.88,214.99,6.92,25.82,1.44,42.43,87.22
2024-08-31,35.53,162.92,53.46,2.0,1.54,67.97,70.0
2024-09-01,117.4,139.91,59.12,10.85,0.78,50.75,98.85
2024-09-02,96.36,138.33,49.77,15.34,1.23,63.19,100.59
2024-09-03,78.61,87.47,22.93,16.11,0.2,85.33,76.46
2024-09-04,87.0,185.32,36.98,13.21,1.92,70.77,93.79
2024-09-05,51.86,146.89,39.9,18.96,0.94,51.86,94.24
2024-09-06,141.14,142.78,48.98,21.93,1.23,39.78,116.93
2024-09-07,83.23,277.72,50.03,22.35,1.05,10.0,106.89
2024-09-08,82.73,161.95,28.99,5.14,1.77,46.63,104.26
2024-09-09,98.14,119.93,41.23,12.16,0.2,43.48,100.15
2024-09-10,92.03,132.95,46.86,26.95,1.19,57.81,75.63
2024-09-11,85.6,195.94,61.84,23.95,1.15,46.92,97.06
2024-09-12,60.24,154.53,50.57,2.0,0.97,43.59,52.64
2024-09-13,91.79,92.47,51.84,18.51,2.06,14.41,86.04
2024-09-14,127.05,186.77,41.26,2.0,0.76,31.2,108.3
2024-09-15,113.64,123.27,61.16,15.47,1.59,59.53,101.4
2024-09-16,119.83,224.93,46.15,33.98,1.38,84.32,119.12
2024-09-17,67.22,193.2,27.08,5.52,1.83,48.05,73.53
2024-09-18,55.26,132.11,61.05,6.66,0.87,56.56,75.85
2024-09-19,76.86,201.24,50.47,22.64,0.83,69.05,110.42
2024-09-20,81.39,152.71,33.35,2.0,1.75,33.78,83.17
2024-09-21,107.35,184.11,32.81,8.67,1.41,57.34,110.61
2024-09-22,37.69,169.39,44.45,20.96,0.43,35.19,48.32
2024-09-23,118.24,116.15,46.95,8.66,0.93,67.3,99.62
2024-09-24,76.05,124.26,42.96,12.64,1.39,53.03,78.15
2024-09-25,69.33,191.2,44.67,22.44,1.62,55.97,88.52
2024-09-26,54.7,136.61,65.5,19.22,0.86,34.35,62.86
2024-09-27,38.63,133.85,56.07,17.67,0.2,64.14,56.4
2024-09-28,100.58,111.8,42.86,11.61,1.46,91.69,99.65
2024-09-29,81.83,166.94,54.12,18.7,0.59,29.84,69.72
2024-09-30,47.75,232.5,24.51,13.76,0.2,43.2,73.25
2024-10-01,47.62,107.3,45.97,19.58,0.2,54.63,55.86
2024-10-02,71.61,150.97,67.14,10.03,1.61,65.73,80.99
2024-10-03,121.73,206.49,36.73,13.17,1.26,38.81,130.75
2024-10-04,73.51,146.81,27.29,5.1,1.09,10.0,65.59
2024-10-05,42.42,168.09,30.22,14.65,1.89,77.18,78.17
2024-10-06,73.86,107.5,23.66,6.89,1.52,65.21,68.94
2024-10-07,73.18,167.13,28.23,3.86,2.01,15.14,106.05
2024-10-08,12.58,142.51,34.44,17.59,0.5,37.85,54.1
2024-10-09,78.64,189.43,18.92,17.13,1.18,81.36,86.76
2024-10-10,74.23,197.5,40.23,22.83,0.39,78.96,101.18
2024-10-11,97.41,253.58,53.53,10.69,1.09,68.77,118.74
2024-10-12,126.22,173.19,26.38,19.08,1.08,46.48,109.02
2024-10-13,108.16,163.03,62.79,20.51,1.51,51.66,102.61
2024-10-14,73.28,157.78,47.66,19.45,1.22,47.38,78.45
2024-10-15,52.34,135.87,55.46,6.74,1.51,72.56,83.37
2024-10-16,144.33,163.54,30.13,16.49,1.55,32.48,109.22
2024-10-17,81.48,138.18,52.82,18.64,2.28,33.88,112.47
2024-10-18,80.35,156.74,23.62,15.07,1.04,70.21,74.86
2024-10-19,79.4,202.7,53.35,2.0,0.73,49.11,107.76
2024-10-20,84.95,109.74,42.58,16.6,1.32,77.57,84.77
2024-10-21,76.39,195.6,48.3,37.13,0.8,36.57,92.83
2024-10-22,65.66,202.68,22.37,11.4,1.94,48.9,104.68
2024-10-23,66.33,145.28,26.57,7.72,1.06,31.55,67.64
2024-10-24,79.18,65.13,48.96,18.73,0.92,50.15,75.87
2024-10-25,66.41,125.69,25.77,18.12,0.96,20.43,40.82
2024-10-26,62.18,201.88,46.95,26.93,1.56,40.25,85.72
2024-10-27,82.66,149.09,19.49,2.42,1.12,21.27,70.11
2024-10-28,73.63,110.03,52.72,22.31,0.88,63.88,63.68
2024-10-29,117.6,129.81,21.51,20.9,2.03,64.33,104.03
2024-10-30,13.73,183.62,48.28,13.58,0.77,15.39,61.61
2024-10-31,107.29,171.87,49.38,18.39,1.22,76.68,113.85
2024-11-01,111.15,140.44,29.55,25.29,1.53,99.95,109.43
2024-11-02,28.17,135.33,48.73,23.72,0.38,50.92,49.22
2024-11-03,71.43,134.33,43.91,3.57,1.44,37.18,83.68
2024-11-04,70.71,113.1,31.92,23.2,0.67,106.49,79.2
2024-11-05,44.81,214.62,24.87,14.35,1.61,23.62,93.07
2024-11-06,60.55,137.11,10.56,15.73,0.72,50.4,76.0
2024-11-07,52.24,198.69,45.24,15.73,1.55,53.59,89.75
2024-11-08,123.81,210.85,16.53,13.5,1.75,76.9,114.11
2024-11-09,103.39,189.93,41.43,26.92,1.63,57.19,103.19
2024-11-10,111.79,132.74,36.05,14.16,1.33,40.03,89.34
2024-11-11,98.04,166.15,50.19,3.8,1.08,30.98,89.99
2024-11-12,51.77,149.03,35.47,11.06,0.91,43.16,72.89
2024-11-13,66.89,113.85,35.06,16.79,1.94,29.86,84.86
2024-11-14,92.23,162.97,50.98,27.29,0.85,50.96,91.59
2024-11-15,49.45,102.84,45.03,21.03,0.68,38.72,58.68
2024-11-16,97.82,197.51,44.74,6.49,1.53,20.12,103.21
2024-11-17,73.99,131.42,47.04,39.85,0.8,75.1,76.7
2024-11-18,70.63,158.05,16.97,17.65,0.72,40.05,66.44
2024-11-19,97.77,161.33,51.35,27.75,0.48,24.64,68.82
2024-11-20,91.11,139.64,49.19,13.48,0.96,46.63,79.59
2024-11-21,70.98,173.47,24.75,20.33,1.16,51.37,90.6
2024-11-22,108.98,131.0,36.34,23.39,1.32,15.07,83.04
2024-11-23,52.97,184.85,39.41,27.18,1.68,56.63,86.33
2024-11-24,95.4,96.16,37.98,25.57,1.46,29.06,86.13
2024-11-25,94.83,155.06,45.01,23.72,1.1,84.22,103.51
2024-11-26,72.26,227.56,61.47,11.85,1.1,60.48,90.44
2024-11-27,88.15,109.99,56.23,9.28,1.46,42.0,94.17
2024-11-28,48.72,122.89,20.32,18.33,1.84,35.1,81.92
2024-11-29,103.1,170.56,49.33,24.33,1.26,47.9,90.02
2024-11-30,75.38,157.18,59.93,12.77,0.97,62.26,78.97
2024-12-01,66.93,164.03,45.8,25.65,0.7,49.49,91.81
2024-12-02,106.23,169.57,56.36,29.53,0.48,45.66,93.67
2024-12-03,62.39,175.39,70.18,5.84,1.53,51.17,68.15
2024-12-04,44.79,194.39,55.36,6.63,1.49,37.92,69.24
2024-12-05,41.08,166.39,43.74,13.6,1.49,43.14,73.63
2024-12-06,95.15,140.35,55.68,18.08,1.14,10.0,73.83
2024-12-07,47.99,176.9,42.17,9.75,1.9,69.47,84.6
2024-12-08,123.87,226.0,40.36,28.52,0.96,55.98,118.51
2024-12-09,27.95,144.69,34.73,19.24,1.68,34.53,81.13
2024-12-10,122.41,111.02,63.45,15.39,1.18,87.97,100.38
2024-12-11,85.28,194.28,27.72,2.0,0.9,51.74,103.28
2024-12-12,77.58,145.18,62.99,2.0,1.5,29.28,100.11
2024-12-13,66.38,63.09,47.5,17.81,1.4,67.13,83.27
2024-12-14,89.98,183.9,19.01,2.0,1.38,57.96,100.1
2024-12-15,79.06,128.59,45.51,25.13,1.24,57.89,64.61
2024-12-16,107.58,146.38,8.5,13.42,1.18,41.48,96.47
2024-12-17,82.86,163.28,49.38,47.43,2.39,59.01,116.39
2024-12-18,83.76,157.62,53.28,38.08,1.79,44.76,96.08
2024-12-19,70.91,178.38,31.11,13.19,1.56,61.12,110.04
2024-12-20,78.58,132.58,41.85,13.94,1.26,11.9,85.77
2024-12-21,87.7,170.52,69.31,24.96,1.7,41.32,106.28
2024-12-22,37.25,139.62,32.41,32.03,1.46,84.44,85.79
2024-12-23,46.3,179.55,24.12,2.0,1.21,34.66,77.6
2024-12-24,98.58,174.61,62.22,2.0,1.05,37.92,71.92
2024-12-25,84.27,112.58,69.44,8.78,1.16,41.04,76.37
2024-12-26,75.4,193.44,40.06,20.83,0.2,25.7,91.72
2024-12-27,80.46,128.56,55.17,19.97,1.31,10.0,70.89
2024-12-28,88.69,182.32,60.12,25.7,0.96,45.39,93.37
2024-12-29,66.51,164.69,28.86,3.0,2.0,52.72,80.0
2024-12-30,60.54,223.53,32.72,2.0,1.21,48.95,109.57
2024-12-31,84.9,141.06,58.46,23.58,0.61,47.1,99.13
2025-01-01,55.54,136.03,65.28,6.72,1.18,50.86,66.83
2025-01-02,90.21,149.22,48.44,2.0,0.68,70.46,89.68
2025-01-03,37.44,137.87,26.8,16.45,1.44,46.19,60.54
2025-01-04,105.73,182.0,69.81,22.93,1.35,38.52,112.2
2025-01-05,91.81,85.35,32.04,13.78,1.68,44.38,86.23
2025-01-06,86.4,107.85,34.97,10.42,0.8,61.59,85.55
2025-01-07,104.57,107.29,45.14,13.41,1.22,78.24,95.69
2025-01-08,121.64,188.01,63.31,11.29,0.52,37.44,133.3
2025-01-09,105.36,218.42,52.81,2.0,1.55,51.98,104.23
2025-01-10,33.98,145.82,46.22,7.85,1.46,56.77,53.77
2025-01-11,48.01,143.25,46.95,20.21,1.45,30.15,68.63
2025-01-12,64.38,152.8,40.65,18.22,1.2,50.41,65.18
2025-01-13,80.65,196.48,48.37,16.68,1.41,20.69,79.48
2025-01-14,92.94,112.91,5.0,5.05,2.0,14.62,72.71
2025-01-15,61.86,159.53,35.55,13.18,1.06,57.33,70.82
2025-01-16,84.67,189.01,43.62,2.0,1.27,42.32,85.63
2025-01-17,61.12,170.04,22.73,16.78,0.66,54.05,81.43
2025-01-18,64.71,157.58,45.79,29.29,0.77,49.64,73.49
2025-01-19,44.83,190.04,36.93,2.0,1.25,30.47,75.0
2025-01-20,56.92,41.87,66.33,9.14,1.75,49.09,72.06
2025-01-21,46.21,177.12,63.6,18.29,1.07,25.34,68.04
2025-01-22,55.6,123.84,33.01,27.53,1.08,77.82,71.53
2025-01-23,106.34,76.77,37.74,10.52,1.0,22.88,79.25
2025-01-24,56.27,170.45,38.89,8.08,0.93,46.08,57.71
2025-01-25,145.81,204.95,33.23,2.0,1.35,29.15,96.73
2025-01-26,92.33,144.5,42.93,16.03,0.45,61.41,88.11
2025-01-27,84.62,188.11,28.63,35.42,1.84,43.37,105.94
2025-01-28,58.54,214.49,23.04,17.77,0.87,39.63,104.77
2025-01-29,97.51,202.6,49.34,14.78,1.56,67.06,112.45
2025-01-30,65.61,215.6,49.44,18.22,0.57,50.59,96.65
2025-01-31,83.05,179.69,27.94,14.89,1.53,60.33,95.13
2025-02-01,144.0,153.02,53.43,6.87,1.54,30.37,116.78
2025-02-02,77.6,85.92,30.53,23.23,1.39,21.9,86.32
2025-02-03,108.73,140.16,43.8,17.26,0.7,52.14,70.38
2025-02-04,62.42,116.27,52.31,15.18,1.32,43.62,78.14
2025-02-05,79.13,236.84,39.5,5.25,0.61,62.53,120.05
2025-02-06,124.27,142.96,46.82,28.04,1.07,48.4,105.2
2025-02-07,64.33,154.93,32.25,21.65,1.71,54.1,102.79
2025-02-08,125.31,172.06,37.05,9.47,1.6,17.53,101.04
2025-02-09,97.69,151.74,36.91,25.02,1.21,87.77,99.29
2025-02-10,65.94,217.8,28.8,10.02,0.71,46.72,87.79
2025-02-11,95.81,125.09,37.35,7.18,1.52,63.95,70.08
2025-02-12,104.31,157.78,16.77,7.4,1.21,33.28,80.74
2025-02-13,95.55,120.3,32.63,2.0,0.2,56.16,65.1
2025-02-14,40.74,97.2,35.73,19.72,1.59,23.94,68.02
2025-02-15,61.82,125.53,36.16,2.0,1.19,59.04,83.01
2025-02-16,73.81,148.52,36.38,2.72,1.8,42.88,90.69
2025-02-17,78.14,132.83,39.07,2.0,0.65,50.58,84.18
2025-02-18,95.52,122.3,47.19,14.14,0.2,63.96,78.05
2025-02-19,84.44,93.75,53.12,13.5,1.34,25.35,87.73
2025-02-20,46.62,146.68,30.25,11.73,1.35,36.31,70.59
2025-02-21,89.5,89.81,21.95,4.57,0.35,59.15,69.19
2025-02-22,95.26,180.4,24.37,3.28,0.71,91.96,95.03
2025-02-23,93.99,153.3,32.69,19.64,2.58,47.24,112.22
2025-02-24,107.02,91.7,34.72,9.49,1.05,61.82,80.63
2025-02-25,100.85,137.63,28.45,18.16,1.57,47.86,104.22
2025-02-26,91.48,119.91,20.56,6.15,0.87,88.84,73.69
2025-02-27,78.25,162.77,33.16,16.81,0.2,15.06,61.28
2025-02-28,38.48,203.62,42.72,28.03,1.11,51.89,87.59
2025-03-01,90.74,74.99,48.93,20.86,1.07,17.49,69.64
2025-03-02,85.19,154.6,31.64,10.88,1.0,10.0,75.67
2025-03-03,86.79,143.59,33.81,17.57,1.14,55.95,96.41
2025-03-04,48.08,176.85,26.1,12.59,1.33,52.79,73.01
2025-03-05,52.97,158.53,39.53,15.08,1.12,44.3,73.49
2025-03-06,106.33,119.92,27.27,11.74,0.57,47.88,96.68
2025-03-07,79.01,137.24,48.6,13.36,1.44,111.97,111.2
2025-03-08,97.04,118.16,13.21,17.12,0.23,44.84,89.33
2025-03-09,80.71,193.04,34.61,5.07,0.2,60.2,82.81
2025-03-10,80.74,150.85,44.52,4.84,1.57,37.01,100.72
2025-03-11,103.46,226.05,42.76,2.0,1.45,55.9,104.4
2025-03-12,67.1,147.57,80.4,2.0,1.17,45.24,73.92
2025-03-13,82.4,121.66,45.25,2.83,0.5,41.79,49.75
2025-03-14,68.44,89.45,24.94,16.59,0.85,86.38,86.74
2025-03-15,69.14,77.87,38.57,6.07,1.07,73.54,60.47
2025-03-16,72.27,86.63,13.36,20.14,0.4,52.73,59.24
2025-03-17,85.55,160.69,38.79,15.35,0.83,10.0,71.71
2025-03-18,68.03,170.35,27.5,2.0,1.53,42.78,92.76
2025-03-19,111.39,86.75,53.73,21.55,1.91,104.06,99.35
2025-03-20,57.63,185.8,31.76,23.11,0.99,45.39,68.21
2025-03-21,75.33,130.68,38.25,5.06,1.58,72.06,91.35
2025-03-22,69.01,155.87,30.47,19.2,0.24,78.84,62.7
2025-03-23,116.17,214.49,66.08,6.44,1.53,54.38,111.38
2025-03-24,84.91,185.87,35.18,15.98,0.8,33.16,67.34
2025-03-25,105.8,139.26,67.49,2.36,1.35,10.0,77.83
2025-03-26,42.86,114.35,52.21,2.0,1.08,63.68,67.44
2025-03-27,86.68,63.93,47.23,11.17,1.86,33.7,56.75
2025-03-28,102.24,121.23,45.53,13.76,0.76,53.52,71.23
2025-03-29,82.06,141.55,45.91,11.02,1.51,25.0,85.14
2025-03-30,106.64,110.51,11.08,3.16,1.06,44.7,77.89
2025-03-31,67.07,144.75,35.82,11.0,1.12,50.67,98.64
2025-04-01,115.23,153.07,52.68,17.69,1.11,55.37,120.59
2025-04-02,137.47,141.01,39.27,14.55,0.78,27.7,91.09
2025-04-03,70.93,124.0,18.92,16.83,1.19,73.94,84.5
2025-04-04,68.86,156.75,39.21,8.3,1.17,38.06,88.12
2025-04-05,116.33,167.68,65.56,26.72,1.32,16.51,97.67
2025-04-06,119.49,106.38,58.7,3.24,1.24,47.82,79.74
2025-04-07,66.93,206.44,39.07,19.88,1.6,50.69,96.43
2025-04-08,69.5,146.06,54.27,26.82,1.66,53.21,86.65
2025-04-09,72.96,150.75,34.5,19.81,0.67,77.24,77.75
2025-04-10,46.39,178.33,14.44,12.97,1.63,45.27,83.87
2025-04-11,57.03,159.33,26.13,9.72,0.61,47.61,63.48
2025-04-12,54.9,188.13,63.44,25.36,1.49,27.94,74.81
2025-04-13,60.81,161.48,35.89,2.0,1.51,66.41,86.46
2025-04-14,79.13,125.5,36.35,5.3,0.24,53.69,75.01
2025-04-15,85.86,164.46,35.5,11.02,1.25,41.6,78.27
2025-04-16,118.76,104.25,68.56,27.38,0.97,11.91,97.3
2025-04-17,55.04,154.34,64.39,18.8,0.82,78.89,62.6
2025-04-18,104.61,148.67,73.28,5.32,1.88,25.45,95.96
2025-04-19,74.65,141.68,37.61,11.9,0.87,38.17,74.43
2025-04-20,78.76,144.86,44.43,8.86,0.8,57.17,75.54
2025-04-21,96.87,74.73,17.25,7.9,1.24,26.07,66.45
2025-04-22,51.93,128.05,62.15,24.79,1.54,20.13,91.0
2025-04-23,89.56,153.71,22.48,2.0,1.13,10.0,73.2
2025-04-24,84.16,156.39,43.25,31.09,1.78,64.42,122.73
2025-04-25,92.31,108.89,23.54,23.28,1.47,39.1,87.11
2025-04-26,87.23,200.63,31.17,25.91,0.2,108.55,98.63
2025-04-27,141.38,115.35,27.44,10.37,0.94,30.11,101.52
2025-04-28,64.06,188.78,30.88,13.5,0.92,31.57,106.37
2025-04-29,66.73,167.09,31.91,2.0,1.44,38.69,73.66
2025-04-30,64.42,124.15,31.78,9.75,0.2,54.86,53.29
2025-05-01,66.11,221.01,52.5,19.94,2.47,40.6,100.18
2025-05-02,64.07,102.25,23.43,27.96,1.47,62.25,74.13
2025-05-03,109.73,186.77,43.31,3.93,1.27,30.43,85.82
2025-05-04,115.51,190.02,58.27,11.34,1.79,22.37,112.09
2025-05-05,65.73,123.18,32.3,13.49,2.37,14.04,97.59
2025-05-06,59.19,205.7,29.23,2.0,1.64,10.0,87.21
2025-05-07,91.79,140.0,36.54,20.91,1.67,39.64,89.18
2025-05-08,66.19,161.55,57.7,7.76,1.27,43.98,78.01
2025-05-09,95.82,160.41,42.91,13.05,1.13,37.37,101.24
2025-05-10,85.07,144.63,32.03,10.48,0.96,74.87,79.27
2025-05-11,42.11,182.43,47.26,7.11,0.79,74.56,95.93
2025-05-12,118.69,181.74,23.47,14.93,0.86,43.3,121.31
2025-05-13,124.9,80.06,50.22,12.84,0.52,14.12,81.57
2025-05-14,64.68,202.17,46.13,11.28,1.16,38.67,88.79
2025-05-15,70.31,83.5,35.38,7.72,0.36,38.0,68.33
2025-05-16,87.15,191.3,27.42,18.2,1.3,36.86,106.2
2025-05-17,88.36,195.07,26.7,31.54,1.18,36.05,87.77
2025-05-18,96.46,106.36,48.02,16.4,1.27,36.93,78.49
2025-05-19,130.26,133.57,58.43,24.96,0.94,42.27,88.41
2025-05-20,75.58,105.77,30.44,2.0,2.74,37.29,91.6
2025-05-21,60.04,141.4,46.88,16.58,1.88,54.17,91.41
2025-05-22,45.52,137.68,8.69,4.03,0.58,57.21,47.67
2025-05-23,61.73,181.19,31.23,2.0,1.32,31.79,77.53
2025-05-24,79.17,202.41,39.53,7.61,0.9,75.42,83.29
2025-05-25,124.86,205.83,26.35,26.92,0.69,30.4,97.59
2025-05-26,67.06,127.51,25.95,24.5,0.53,17.64,69.6
2025-05-27,85.59,141.63,29.98,17.43,1.42,57.62,81.9
2025-05-28,79.59,82.66,44.38,2.0,0.86,33.65,63.54
2025-05-29,109.71,117.77,37.19,13.04,1.68,56.43,80.84
2025-05-30,143.17,188.59,6.43,18.02,1.7,10.0,116.87
2025-05-31,66.73,214.62,8.19,16.76,1.89,77.85,101.38
2025-06-01,67.76,100.63,30.9,2.0,0.77,63.45,60.39
2025-06-02,106.1,126.3,46.87,6.1,1.44,19.99,88.18
2025-06-03,97.05,148.94,5.0,14.36,1.52,20.42,89.85
2025-06-04,126.17,161.21,32.5,20.36,0.96,83.45,100.97
2025-06-05,94.6,117.62,32.11,2.0,0.81,35.25,63.34
2025-06-06,71.02,166.96,60.83,13.38,2.0,33.32,111.65
2025-06-07,94.77,131.05,34.22,16.43,1.31,10.0,76.66
2025-06-08,107.72,149.42,45.74,23.5,1.52,42.98,99.38
2025-06-09,100.51,171.85,42.12,21.93,0.79,45.45,104.7
2025-06-10,92.68,150.26,8.04,20.83,0.59,64.31,119.81
2025-06-11,106.67,132.54,51.52,7.0,0.92,22.02,74.69
2025-06-12,109.23,145.62,43.23,2.0,1.14,19.59,96.06
2025-06-13,114.55,146.47,47.62,11.07,0.67,59.02,88.89
2025-06-14,96.22,135.2,98.89,25.02,1.2,70.13,93.75
2025-06-15,75.82,139.65,8.74,28.93,0.36,18.58,59.72
2025-06-16,83.67,213.95,65.87,22.11,0.64,71.63,89.84
2025-06-17,110.16,172.44,35.69,19.29,1.54,50.75,105.64
2025-06-18,59.58,138.18,44.31,18.8,1.5,71.84,67.89
2025-06-19,89.22,177.88,39.32,9.44,1.0,48.6,102.46
2025-06-20,70.17,136.65,33.64,13.7,0.69,10.0,68.41
2025-06-21,80.72,196.92,31.45,31.69,0.69,46.96,94.53
2025-06-22,111.96,164.79,44.94,5.57,1.01,71.2,98.67
2025-06-23,84.78,145.71,17.24,31.15,1.52,32.13,82.7
2025-06-24,81.16,167.91,51.26,11.78,1.66,42.24,97.61
2025-06-25,46.0,87.16,33.76,28.25,0.95,46.48,45.47
2025-06-26,98.66,104.93,23.05,2.0,0.62,10.0,67.01
2025-06-27,96.14,102.24,33.25,20.86,1.33,83.43,80.53
2025-06-28,134.08,155.72,58.86,7.63,0.79,31.97,94.82
2025-06-29,72.31,219.3,31.97,2.0,0.94,60.11,73.41
2025-06-30,85.48,239.25,45.38,17.19,1.86,48.27,126.7
2025-07-01,86.23,175.52,29.04,25.09,1.61,75.15,94.3
2025-07-02,119.44,170.03,51.37,6.55,1.28,58.12,120.39
2025-07-03,77.62,77.96,50.28,2.0,0.56,45.3,74.89
2025-07-04,86.98,128.29,67.73,14.08,1.31,32.13,72.94
2025-07-05,95.2,118.49,37.37,14.13,1.73,65.96,82.54
2025-07-06,84.67,125.17,50.03,20.48,1.01,12.53,102.53
2025-07-07,68.84,143.27,41.47,24.5,1.88,62.92,107.26
2025-07-08,84.85,131.12,59.44,14.41,1.85,28.02,89.18
2025-07-09,106.84,70.83,29.22,33.56,2.03,75.05,95.65
2025-07-10,54.34,179.92,51.18,17.24,1.35,53.23,78.9
2025-07-11,83.32,107.09,37.08,11.54,1.49,62.88,87.73
2025-07-12,62.5,159.57,39.04,2.0,1.91,51.64,80.56
2025-07-13,109.88,232.96,41.38,12.37,1.42,14.95,91.46
2025-07-14,41.92,113.22,43.78,11.64,0.95,32.79,45.57
2025-07-15,66.03,48.79,38.26,24.6,0.98,63.45,60.71
2025-07-16,89.43,138.56,43.22,19.62,1.32,53.33,78.67
2025-07-17,119.14,194.04,63.67,3.21,0.55,73.62,108.91
2025-07-18,78.36,228.33,54.78,16.72,1.13,58.07,92.57
2025-07-19,66.12,100.82,53.04,21.72,1.75,30.67,67.26
2025-07-20,127.03,169.87,33.17,30.28,0.2,34.08,105.26
2025-07-21,43.8,131.39,26.66,23.88,1.97,52.06,77.61
2025-07-22,25.03,145.76,54.33,22.61,1.76,10.0,64.74
2025-07-23,91.0,255.77,53.14,15.6,0.97,83.47,124.66
2025-07-24,67.45,89.88,62.09,18.88,1.47,58.83,80.46
2025-07-25,54.47,160.15,30.94,27.5,1.2,74.54,95.95
2025-07-26,97.71,168.71,36.56,2.0,1.81,18.39,92.89
2025-07-27,86.1,193.43,15.41,11.51,1.69,74.89,99.09
2025-07-28,65.9,153.92,34.11,7.27,0.5,94.63,67.1
2025-07-29,47.99,162.32,54.95,18.79,1.49,23.58,72.28
2025-07-30,101.81,134.33,33.0,27.3,1.1,65.43,102.69
2025-07-31,96.26,160.77,49.61,9.03,1.24,50.02,108.98
2025-08-01,77.52,136.27,37.14,2.0,0.84,19.11,82.91
2025-08-02,126.17,174.86,44.86,10.88,2.07,59.86,102.25
2025-08-03,53.25,135.22,22.78,24.13,1.72,66.67,89.86
2025-08-04,41.86,165.08,41.28,20.38,0.83,37.98,50.52
2025-08-05,62.7,148.83,5.0,19.28,0.53,73.32,81.62
2025-08-06,78.86,195.04,37.2,12.2,1.01,16.66,83.78
2025-08-07,86.08,147.94,15.54,2.21,1.42,20.1,89.9
2025-08-08,73.97,79.08,58.09,20.15,1.32,52.73,60.01
2025-08-09,88.8,200.48,51.66,6.66,1.83,50.51,118.67
2025-08-10,48.71,113.77,47.0,36.84,1.59,35.67,55.43
2025-08-11,116.09,123.85,62.82,20.71,1.68,66.19,98.62
2025-08-12,77.95,126.17,25.77,9.19,1.36,60.62,72.2
2025-08-13,107.93,204.98,66.21,8.89,0.51,67.16,88.82
2025-08-14,88.57,64.57,53.98,14.07,1.1,47.54,73.54
2025-08-15,91.42,275.51,36.45,12.6,1.73,62.05,140.61
2025-08-16,94.24,192.24,57.03,26.17,1.17,41.09,127.73
2025-08-17,91.19,158.93,23.41,16.86,1.45,91.08,100.6
2025-08-18,96.07,147.8,27.63,7.68,1.04,33.75,97.77
2025-08-19,113.23,161.42,30.87,33.9,0.69,92.11,105.35
2025-08-20,84.91,170.84,32.07,15.49,1.14,50.7,96.09
2025-08-21,97.73,175.81,24.15,22.69,1.35,22.49,91.3
2025-08-22,77.76,172.22,58.35,8.92,0.87,77.36,94.1
2025-08-23,116.0,153.58,36.12,18.63,1.08,52.52,105.74
2025-08-24,63.09,142.11,45.29,18.11,0.73,67.02,70.66
2025-08-25,125.02,143.95,31.44,2.0,1.76,74.48,110.04
2025-08-26,79.0,142.2,12.69,35.15,1.05,56.76,81.52
2025-08-27,44.23,195.35,44.05,27.91,1.93,38.16,95.81
2025-08-28,83.2,173.74,11.32,11.03,1.96,69.51,89.12
2025-08-29,62.97,32.38,38.97,3.98,1.16,50.02,54.34
2025-08-30,101.02,176.24,19.48,18.48,0.7,63.72,114.16
2025-08-31,63.68,157.79,69.81,15.87,0.2,10.0,79.95
2025-09-01,68.85,149.25,53.67,18.56,0.46,58.94,90.66
2025-09-02,32.76,134.46,41.59,16.92,0.51,37.23,55.96
2025-09-03,68.69,194.96,58.96,20.06,1.89,83.07,107.93
2025-09-04,19.4,187.9,27.31,29.47,1.26,62.46,81.52
2025-09-05,40.4,119.08,48.15,20.68,1.39,54.8,83.6
2025-09-06,99.01,166.28,43.0,4.5,0.2,59.73,68.83
2025-09-07,99.65,111.13,43.96,28.63,0.6,30.03,65.27
2025-09-08,90.64,94.82,59.09,31.41,1.64,82.47,104.6
2025-09-09,55.83,124.93,50.99,46.52,1.34,89.83,78.88
2025-09-10,78.81,184.5,44.33,3.77,1.13,57.86,86.27
2025-09-11,79.91,188.13,15.18,17.43,1.48,81.81,86.53
2025-09-12,51.04,170.52,25.6,2.0,2.02,38.62,77.6
2025-09-13,117.58,179.0,38.16,20.53,1.09,34.06,89.66
2025-09-14,101.93,170.65,41.4,9.52,1.23,50.82,120.4
2025-09-15,74.48,124.34,23.05,34.23,1.3,58.7,80.22
2025-09-16,80.67,167.28,76.18,7.25,2.4,42.12,103.4
2025-09-17,85.21,182.02,62.75,2.0,0.2,60.76,93.86
2025-09-18,28.96,180.17,49.03,10.29,1.54,56.13,86.49
2025-09-19,73.82,197.56,41.08,2.0,1.14,30.03,98.64
2025-09-20,62.95,178.33,36.82,22.51,1.48,60.38,100.28
2025-09-21,54.96,164.06,25.72,2.0,0.87,67.27,69.96
2025-09-22,72.97,192.81,41.16,15.28,1.18,53.43,89.42
2025-09-23,124.94,148.94,43.87,2.0,1.56,73.05,118.46
2025-09-24,96.02,114.73,21.37,11.8,2.76,25.65,90.22
2025-09-25,65.72,143.48,45.01,31.43,1.6,59.36,85.95
2025-09-26,94.31,120.2,37.67,18.61,0.78,26.59,82.2
